Song_ID,Name,Artist_ID,Genre_ID,gender,ip_address
1,Wait,Berntssen,wberntssen0@myspace.com,Male,197.44.66.100
2,Kariotta,Twitchings,ktwitchings1@indiegogo.com,Female,94.201.42.132
3,Ricki,Heindrick,rheindrick2@w3.org,Female,112.99.241.141
4,Ariadne,Denisevich,adenisevich3@acquirethisname.com,Female,185.204.135.143
5,Steffi,Shoosmith,sshoosmith4@columbia.edu,Female,138.67.64.26
6,Keenan,Pennino,kpennino5@vimeo.com,Male,92.70.125.255
7,Chas,Whales,cwhales6@tuttocitta.it,Male,242.163.196.247
8,Alaster,Swinfon,aswinfon7@amazon.de,Male,18.254.19.250
9,Angelico,Carnilian,acarnilian8@hhs.gov,Male,200.92.48.195
10,Danica,Gehrtz,dgehrtz9@omniture.com,Genderqueer,13.235.170.196
11,Patty,Berkely,pberkelya@nature.com,Female,153.238.229.122
12,Jobina,Jendrys,jjendrysb@reddit.com,Female,178.77.80.120
13,Brook,Rosoman,brosomanc@utexas.edu,Male,180.17.54.12
14,Annabela,Ruddell,aruddelld@blog.com,Female,27.6.56.213
15,Tootsie,Benez,tbeneze@arstechnica.com,Female,161.38.79.109
16,Caterina,Karet,ckaretf@ning.com,Female,197.49.117.128
17,Tierney,Ervin,terving@ftc.gov,Female,145.234.120.49
18,Tadeas,Dragon,tdragonh@state.gov,Male,150.214.238.181
19,Shea,Rubinivitz,srubinivitzi@reference.com,Male,230.146.10.79
20,Rosanna,Geraud,rgeraudj@army.mil,Female,124.82.133.90
21,Nerta,Josovitz,njosovitzk@ft.com,Polygender,197.88.198.129
22,Alexandros,Antonijevic,aantonijevicl@shinystat.com,Male,133.105.144.10
23,Karie,Rawlings,krawlingsm@spotify.com,Female,6.185.232.95
24,Paolina,Kiloh,pkilohn@yellowpages.com,Female,140.236.251.223
25,Carena,Bocken,cbockeno@addthis.com,Genderqueer,158.11.121.237
26,Hillel,Fockes,hfockesp@wikimedia.org,Genderqueer,248.218.67.206
27,Briny,Stelfax,bstelfaxq@parallels.com,Female,57.24.142.54
28,Cathrine,Weighell,cweighellr@ycombinator.com,Female,40.86.203.69
29,Alfredo,Proger,aprogers@rediff.com,Male,200.121.103.209
30,Matthias,Delue,mdeluet@behance.net,Male,21.22.172.68
31,Allegra,Halfhyde,ahalfhydeu@newsvine.com,Female,105.123.71.137
32,Marieann,Catterall,mcatterallv@goo.ne.jp,Female,95.105.208.158
33,Robinson,Berns,rbernsw@scribd.com,Male,135.124.165.125
34,Fiona,Avard,favardx@forbes.com,Female,242.102.31.105
35,Granger,Haggerwood,ghaggerwoody@mysql.com,Male,184.251.232.27
36,Adrianne,Pitcock,apitcockz@dmoz.org,Female,244.153.243.67
37,Jacquette,Bucham,jbucham10@slate.com,Female,137.187.55.174
38,Kally,Mouan,kmouan11@omniture.com,Female,65.148.50.139
39,Carola,Skelly,cskelly12@infoseek.co.jp,Female,121.212.175.255
40,Artemus,Crayke,acrayke13@un.org,Male,137.64.249.111
41,Evelyn,Paulino,epaulino14@wikimedia.org,Male,189.85.89.205
42,Syd,Tremathick,stremathick15@livejournal.com,Male,28.10.171.142
43,Inga,Pioli,ipioli16@diigo.com,Female,33.184.39.169
44,Aime,Dallywater,adallywater17@springer.com,Female,222.7.188.196
45,Danit,Calver,dcalver18@prnewswire.com,Female,114.227.181.232
46,Cecil,Koppes,ckoppes19@skype.com,Female,119.12.108.223
47,August,Saiz,asaiz1a@washingtonpost.com,Male,238.133.35.23
48,Jayne,Carmo,jcarmo1b@google.it,Female,23.246.28.165
49,Dev,Roylance,droylance1c@unc.edu,Male,56.127.167.129
50,Rikki,Yakuntzov,ryakuntzov1d@europa.eu,Female,227.32.65.149
51,Brena,Levey,blevey1e@geocities.jp,Female,174.160.112.64
52,Nadia,Fetherstone,nfetherstone1f@nasa.gov,Female,236.13.180.32
53,Ode,Briscoe,obriscoe1g@nytimes.com,Male,188.8.141.78
54,Darrel,De Blase,ddeblase1h@ox.ac.uk,Male,117.173.86.248
55,Dukey,Fassam,dfassam1i@csmonitor.com,Male,130.114.41.54
56,Devinne,Greatreax,dgreatreax1j@state.gov,Female,109.207.16.74
57,Flossie,Gillice,fgillice1k@freewebs.com,Female,173.3.238.170
58,Row,Mazey,rmazey1l@craigslist.org,Female,66.69.31.154
59,Bogart,D'Orsay,bdorsay1m@china.com.cn,Male,183.146.93.222
60,Johnny,Dennistoun,jdennistoun1n@unc.edu,Male,36.52.154.239
61,Zacherie,Peealess,zpeealess1o@addtoany.com,Male,210.177.138.166
62,Cart,Tixier,ctixier1p@infoseek.co.jp,Male,69.128.54.252
63,Marty,Langlois,mlanglois1q@arstechnica.com,Male,178.132.243.62
64,Yulma,Cullingworth,ycullingworth1r@booking.com,Male,77.235.226.146
65,Barbee,Sloyan,bsloyan1s@so-net.ne.jp,Female,237.110.93.118
66,Taddeo,Sooper,tsooper1t@1688.com,Male,246.173.177.199
67,Jehu,Levine,jlevine1u@shareasale.com,Male,71.68.122.182
68,Carolynn,Koppe,ckoppe1v@virginia.edu,Female,121.198.204.25
69,Susanne,Fairney,sfairney1w@thetimes.co.uk,Female,162.134.32.251
70,Zorah,Withinshaw,zwithinshaw1x@marriott.com,Female,218.189.228.86
71,Cindelyn,McGebenay,cmcgebenay1y@sohu.com,Female,246.175.110.176
72,Marsh,Wedge,mwedge1z@accuweather.com,Male,221.54.92.36
73,Oriana,McRoberts,omcroberts20@smh.com.au,Female,236.164.39.108
74,Maurizia,Boyles,mboyles21@lulu.com,Female,17.169.243.79
75,Inger,Ygo,iygo22@i2i.jp,Polygender,101.172.207.16
76,Walt,Dilgarno,wdilgarno23@shop-pro.jp,Male,48.79.61.4
77,Marylin,Ziehms,mziehms24@cbc.ca,Female,173.2.132.251
78,Merwin,Santen,msanten25@wikispaces.com,Male,7.57.148.232
79,Stefanie,Innes,sinnes26@comsenz.com,Female,9.35.174.136
80,Norrie,Cawker,ncawker27@constantcontact.com,Male,206.84.87.243
81,Helli,Myner,hmyner28@yahoo.com,Female,237.235.49.173
82,Rex,Flegg,rflegg29@whitehouse.gov,Male,136.10.194.0
83,Price,Olivey,polivey2a@bloglines.com,Male,179.51.237.168
84,Pearl,Ramos,pramos2b@simplemachines.org,Female,42.73.244.103
85,Moselle,Heape,mheape2c@biblegateway.com,Female,117.238.164.179
86,Kimberli,Sheppey,ksheppey2d@rediff.com,Female,81.113.242.182
87,Traci,Sparrowhawk,tsparrowhawk2e@oaic.gov.au,Female,8.146.167.127
88,Annette,Edel,aedel2f@rediff.com,Female,78.60.201.117
89,Nelia,Turtle,nturtle2g@hostgator.com,Female,208.106.139.3
90,Audry,MacGaughey,amacgaughey2h@ucoz.ru,Female,192.144.77.56
91,Leila,Ballsdon,lballsdon2i@fotki.com,Female,184.62.24.172
92,Nolly,Minett,nminett2j@blogger.com,Male,25.241.225.85
93,Ambrosi,Doyley,adoyley2k@thetimes.co.uk,Male,96.170.246.138
94,Nils,Rosengren,nrosengren2l@sitemeter.com,Male,43.203.204.125
95,Benoit,Mayes,bmayes2m@opera.com,Male,91.223.107.237
96,Daloris,Cody,dcody2n@ow.ly,Female,57.179.49.123
97,Darlleen,Heskin,dheskin2o@accuweather.com,Genderqueer,164.50.141.93
98,Leilah,Harverson,lharverson2p@spotify.com,Polygender,226.88.88.214
99,Park,Cretney,pcretney2q@amazon.co.uk,Male,47.184.118.96
100,Rosette,Asgodby,rasgodby2r@ovh.net,Female,124.217.85.161
101,Kaine,Woolston,kwoolston2s@is.gd,Male,141.189.95.39
102,Jo-ann,Richardot,jrichardot2t@squarespace.com,Female,28.126.9.33
103,Heriberto,Gotmann,hgotmann2u@icq.com,Male,131.92.176.35
104,Guthrey,Stonhouse,gstonhouse2v@ebay.com,Male,156.143.197.205
105,Andrey,Sevin,asevin2w@behance.net,Male,125.177.226.44
106,Mathian,Lanchberry,mlanchberry2x@vistaprint.com,Male,41.191.254.170
107,Eliot,Packman,epackman2y@msu.edu,Male,187.91.240.36
108,Casie,Knifton,cknifton2z@whitehouse.gov,Female,56.239.143.155
109,Elianora,Musson,emusson30@ifeng.com,Female,18.115.78.182
110,Virgil,Vanyutin,vvanyutin31@un.org,Male,152.24.171.152
111,Ladonna,O'Hern,lohern32@cpanel.net,Female,137.154.239.226
112,Katya,Cosgrave,kcosgrave33@nps.gov,Female,58.225.31.241
113,Anissa,Hasslocher,ahasslocher34@pcworld.com,Genderfluid,50.42.191.95
114,Abram,Edwin,aedwin35@taobao.com,Male,164.187.254.32
115,Wren,Messruther,wmessruther36@privacy.gov.au,Bigender,78.233.99.103
116,Kermie,Mews,kmews37@smh.com.au,Genderqueer,166.104.243.72
117,Rhett,Kinzett,rkinzett38@china.com.cn,Male,208.48.47.28
118,Earvin,Seydlitz,eseydlitz39@w3.org,Male,9.77.162.80
119,Adrian,Gretham,agretham3a@smugmug.com,Male,248.16.133.251
120,Stafford,Leiden,sleiden3b@meetup.com,Male,2.97.205.249
121,Kat,Heatlie,kheatlie3c@washingtonpost.com,Female,35.193.184.178
122,Forster,Marlen,fmarlen3d@reuters.com,Male,44.197.12.106
123,Darleen,Jollands,djollands3e@reuters.com,Female,171.135.141.51
124,Kennedy,Strettle,kstrettle3f@weebly.com,Male,165.214.195.1
125,Neely,Grob,ngrob3g@purevolume.com,Female,177.223.195.77
126,Cecilia,Furness,cfurness3h@cafepress.com,Female,50.182.178.254
127,Meggy,Matys,mmatys3i@symantec.com,Female,220.55.225.37
128,Carmelle,Ciepluch,cciepluch3j@youtu.be,Female,20.122.20.185
129,Marlon,Woolaghan,mwoolaghan3k@seattletimes.com,Male,137.88.205.213
130,Pembroke,O'Nion,ponion3l@devhub.com,Male,116.168.34.160
131,Giorgia,Giles,ggiles3m@shinystat.com,Female,250.142.118.46
132,Erasmus,Langfat,elangfat3n@intel.com,Male,151.149.163.140
133,Jessamyn,Sangar,jsangar3o@plala.or.jp,Non-binary,51.192.220.193
134,Tamarah,Heaselgrave,theaselgrave3p@qq.com,Female,159.112.37.57
135,Douglas,Pettis,dpettis3q@boston.com,Male,137.27.18.222
136,Vivie,Bourthoumieux,vbourthoumieux3r@umich.edu,Female,88.154.30.68
137,Connie,Hinkley,chinkley3s@imdb.com,Genderqueer,73.198.223.6
138,Jervis,Hacard,jhacard3t@answers.com,Male,134.57.179.83
139,Fin,Dougan,fdougan3u@elegantthemes.com,Non-binary,72.129.16.24
140,Quinlan,Charlot,qcharlot3v@opensource.org,Male,212.61.27.226
141,Lane,Jantzen,ljantzen3w@disqus.com,Non-binary,85.169.101.121
142,Lynsey,Gilyatt,lgilyatt3x@tmall.com,Female,28.194.181.38
143,Jule,Teffrey,jteffrey3y@xrea.com,Male,114.240.158.247
144,Bartlet,Storer,bstorer3z@sfgate.com,Male,64.27.78.57
145,Pincas,Habble,phabble40@simplemachines.org,Male,3.208.109.119
146,Wynnie,Joderli,wjoderli41@marriott.com,Female,78.119.14.136
147,Amelita,Munslow,amunslow42@alexa.com,Female,133.173.0.226
148,Dareen,Gronav,dgronav43@webs.com,Female,200.179.97.29
149,Roley,Lathe,rlathe44@canalblog.com,Male,31.101.163.216
150,Claudette,Barkhouse,cbarkhouse45@berkeley.edu,Polygender,35.172.23.119
151,Florinda,Bolgar,fbolgar46@livejournal.com,Female,66.169.211.211
152,Kaye,Giannazzo,kgiannazzo47@creativecommons.org,Female,252.70.33.146
153,Charlot,Pavlasek,cpavlasek48@netscape.com,Female,35.63.46.198
154,Alexandros,Thompson,athompson49@instagram.com,Male,0.8.222.66
155,Cheston,Cartledge,ccartledge4a@joomla.org,Male,228.165.236.174
156,Uriel,O'Neal,uoneal4b@infoseek.co.jp,Male,231.94.236.167
157,Leonidas,Bebis,lbebis4c@phpbb.com,Male,158.42.12.10
158,Tann,MacSporran,tmacsporran4d@usnews.com,Male,243.225.207.81
159,Locke,Mecozzi,lmecozzi4e@goo.gl,Non-binary,206.26.113.206
160,Graeme,Beams,gbeams4f@slashdot.org,Male,9.26.61.209
161,Emelia,Kinnoch,ekinnoch4g@scribd.com,Female,207.53.58.250
162,Fanny,Pllu,fpllu4h@netscape.com,Female,124.99.139.34
163,Nataniel,Honsch,nhonsch4i@constantcontact.com,Male,8.245.246.47
164,Osbourne,Hutt,ohutt4j@pinterest.com,Bigender,111.187.138.243
165,Selia,Wincott,swincott4k@mit.edu,Female,167.13.143.155
166,Maritsa,Carpenter,mcarpenter4l@zimbio.com,Female,107.208.173.66
167,Harbert,Kivlin,hkivlin4m@flickr.com,Male,86.231.156.187
168,Davine,Newman,dnewman4n@nba.com,Female,22.117.167.166
169,Guinevere,Pelfer,gpelfer4o@instagram.com,Female,28.148.3.174
170,Gregoor,McLise,gmclise4p@disqus.com,Male,10.23.209.216
171,Nevins,Bowlas,nbowlas4q@drupal.org,Genderqueer,131.46.197.46
172,Marybelle,Nisard,mnisard4r@yellowbook.com,Female,72.143.139.205
173,Tailor,Demeza,tdemeza4s@purevolume.com,Male,255.99.132.76
174,Martie,Thorne,mthorne4t@hibu.com,Male,157.16.77.83
175,Mickey,Kramer,mkramer4u@sina.com.cn,Male,109.57.80.228
176,Christalle,Dalgarnocht,cdalgarnocht4v@xinhuanet.com,Female,27.213.95.55
177,Valentina,Robeiro,vrobeiro4w@tmall.com,Female,185.74.141.127
178,Nicky,Cooley,ncooley4x@arstechnica.com,Male,239.168.103.133
179,Oates,Bettley,obettley4y@unc.edu,Male,58.135.43.215
180,Jany,Janaszewski,jjanaszewski4z@mtv.com,Female,160.68.121.197
181,Flora,Bernardes,fbernardes50@theatlantic.com,Female,48.33.178.82
182,Carly,MacLise,cmaclise51@spotify.com,Male,124.198.71.146
183,Yulma,Shynn,yshynn52@nationalgeographic.com,Male,232.220.149.128
184,Tybalt,Terrett,tterrett53@zimbio.com,Male,62.172.54.169
185,Sande,Pull,spull54@webeden.co.uk,Female,179.148.50.20
186,Juanita,Jeffels,jjeffels55@theguardian.com,Female,135.186.33.254
187,Ania,Feechum,afeechum56@globo.com,Female,129.106.119.177
188,Camile,Manuel,cmanuel57@google.pl,Female,111.27.15.55
189,Prudence,Collibear,pcollibear58@smh.com.au,Genderfluid,26.155.22.240
190,Beauregard,Tante,btante59@360.cn,Male,249.32.86.133
191,Nelie,Gannaway,ngannaway5a@pen.io,Female,119.53.75.75
192,Juditha,Eddisford,jeddisford5b@live.com,Female,224.237.170.42
193,Yolande,Mitcheson,ymitcheson5c@stanford.edu,Female,27.14.150.55
194,Ailey,Wicklen,awicklen5d@goo.gl,Bigender,88.94.78.132
195,Ernest,Rettie,erettie5e@adobe.com,Male,90.106.181.107
196,Renelle,Weavill,rweavill5f@china.com.cn,Female,245.145.156.138
197,Woodie,Bachman,wbachman5g@furl.net,Male,233.129.88.249
198,Carmelita,Arch,carch5h@japanpost.jp,Female,24.67.249.0
199,Elinore,Strasse,estrasse5i@dailymail.co.uk,Female,146.95.104.158
200,Towney,Whyler,twhyler5j@live.com,Male,205.225.25.80
201,Kassey,Hasser,khasser5k@typepad.com,Female,136.98.33.179
202,Lavinia,Bramsen,lbramsen5l@chicagotribune.com,Non-binary,110.161.124.250
203,Ula,Winchcum,uwinchcum5m@lycos.com,Female,208.232.209.95
204,Letti,Pilling,lpilling5n@bbc.co.uk,Female,21.93.19.196
205,Franny,Jambrozek,fjambrozek5o@nyu.edu,Female,46.23.60.238
206,Herby,Hadgraft,hhadgraft5p@123-reg.co.uk,Male,224.196.76.152
207,Bren,Redmell,bredmell5q@wisc.edu,Male,47.238.155.193
208,Ezra,Hupe,ehupe5r@home.pl,Male,19.178.120.174
209,Andriette,Steinham,asteinham5s@businesswire.com,Female,168.176.229.192
210,Harmonie,Gwillim,hgwillim5t@usgs.gov,Female,41.246.175.62
211,Inna,Schouthede,ischouthede5u@lycos.com,Female,67.37.104.72
212,Casey,Pettit,cpettit5v@weather.com,Female,16.100.236.153
213,Lilah,Truin,ltruin5w@shinystat.com,Female,141.108.233.54
214,Heddie,Girardoni,hgirardoni5x@paginegialle.it,Bigender,84.147.247.34
215,Nancey,Hook,nhook5y@china.com.cn,Female,189.132.36.76
216,Agathe,Gamet,agamet5z@google.com,Female,127.60.109.59
217,Kaylyn,McCaw,kmccaw60@51.la,Female,97.79.17.150
218,Benetta,Schleicher,bschleicher61@prweb.com,Polygender,56.127.68.107
219,Michael,Hannent,mhannent62@discovery.com,Male,215.65.10.79
220,Cliff,Spraggon,cspraggon63@example.com,Male,245.248.253.194
221,Alicea,Bohlmann,abohlmann64@aboutads.info,Female,254.162.100.18
222,Gerrard,Rothon,grothon65@fotki.com,Polygender,17.133.178.153
223,Noland,Murdoch,nmurdoch66@epa.gov,Male,234.118.53.189
224,Lancelot,Cartwright,lcartwright67@comcast.net,Male,181.61.175.146
225,Donall,Clemetts,dclemetts68@unicef.org,Male,173.29.234.101
226,Skell,Clemendet,sclemendet69@so-net.ne.jp,Male,246.81.215.73
227,Hulda,Ridel,hridel6a@cdc.gov,Female,235.151.233.145
228,Ardyce,Funnell,afunnell6b@blogger.com,Female,74.205.45.252
229,Kelly,Murkitt,kmurkitt6c@disqus.com,Male,98.173.67.80
230,Marv,Probbings,mprobbings6d@netscape.com,Male,102.47.248.41
231,Scarlet,Noblett,snoblett6e@dailymotion.com,Female,78.62.207.83
232,Aleksandr,Thwaites,athwaites6f@ask.com,Genderqueer,88.161.77.39
233,Cal,Kitchinham,ckitchinham6g@com.com,Male,95.110.90.141
234,Conchita,Lates,clates6h@uol.com.br,Female,235.232.6.182
235,Bobette,Tomich,btomich6i@sourceforge.net,Female,95.80.96.242
236,Nathanil,Sothcott,nsothcott6j@pen.io,Male,38.206.20.229
237,Elwood,Jobb,ejobb6k@yellowpages.com,Male,131.115.173.162
238,Kelli,Kingdom,kkingdom6l@nih.gov,Female,84.215.8.166
239,Dalis,Issakov,dissakov6m@google.ca,Male,48.113.91.108
240,Janice,Norquay,jnorquay6n@instagram.com,Female,115.36.86.107
241,Ajay,Reolfi,areolfi6o@twitter.com,Female,3.98.124.181
242,Richmond,Andreichik,randreichik6p@w3.org,Male,220.48.145.45
243,Reamonn,Beran,rberan6q@imageshack.us,Male,224.130.178.73
244,Amerigo,Coughlin,acoughlin6r@indiegogo.com,Male,234.36.190.47
245,Maxy,Punt,mpunt6s@ibm.com,Female,114.154.30.57
246,Daphna,Tirte,dtirte6t@twitpic.com,Female,35.209.48.221
247,Charline,Puve,cpuve6u@wikipedia.org,Female,39.211.64.106
248,Aundrea,Grinikhinov,agrinikhinov6v@squarespace.com,Female,208.17.249.149
249,Ad,Ditt,aditt6w@dmoz.org,Male,55.4.1.197
250,Sharity,Lytton,slytton6x@irs.gov,Female,206.75.31.84
251,Mersey,Claisse,mclaisse6y@npr.org,Female,220.95.69.175
252,Adelaide,Philipsen,aphilipsen6z@admin.ch,Female,22.183.119.104
253,Tallie,Cramphorn,tcramphorn70@multiply.com,Male,109.254.173.97
254,Friedrich,Leyband,fleyband71@blog.com,Polygender,23.169.130.13
255,Virgil,Frost,vfrost72@cpanel.net,Male,105.27.132.40
256,Quinta,Kahler,qkahler73@so-net.ne.jp,Female,18.125.155.31
257,Karoly,Freshwater,kfreshwater74@narod.ru,Male,106.58.239.148
258,Noell,Hardiman,nhardiman75@si.edu,Female,142.193.149.11
259,Maggy,Twelve,mtwelve76@unesco.org,Female,67.85.35.95
260,Sheryl,Lepick,slepick77@hostgator.com,Female,239.10.254.89
261,Almira,Vannuccini,avannuccini78@umn.edu,Female,129.189.7.168
262,Kai,Sherlock,ksherlock79@google.fr,Female,221.156.167.104
263,Hodge,Treadgold,htreadgold7a@soup.io,Male,78.168.195.35
264,Sheffield,Martonfi,smartonfi7b@state.gov,Male,223.177.228.204
265,Sherie,Bottjer,sbottjer7c@nationalgeographic.com,Genderqueer,227.70.19.241
266,Melody,Wagstaff,mwagstaff7d@blogtalkradio.com,Female,133.43.135.234
267,Eward,Tollady,etollady7e@amazon.com,Male,122.39.230.167
268,Christophorus,Hutcheons,chutcheons7f@123-reg.co.uk,Male,29.188.223.204
269,Deane,Ekell,dekell7g@microsoft.com,Female,197.221.95.218
270,Mendie,MacGeaney,mmacgeaney7h@usa.gov,Male,124.182.175.190
271,Layne,Roake,lroake7i@springer.com,Female,148.50.255.14
272,Carolee,Lilburn,clilburn7j@nhs.uk,Female,193.165.135.26
273,Roby,Border,rborder7k@nydailynews.com,Female,41.80.40.218
274,Aloise,Butlin,abutlin7l@arizona.edu,Female,79.97.238.83
275,Rosie,Marks,rmarks7m@ask.com,Female,93.37.241.77
276,Whittaker,Benezet,wbenezet7n@economist.com,Genderfluid,137.218.171.146
277,Antons,McVeagh,amcveagh7o@mashable.com,Male,59.147.127.95
278,Thorstein,Bermingham,tbermingham7p@rediff.com,Genderfluid,71.194.160.88
279,Grier,Smail,gsmail7q@lycos.com,Female,178.48.190.172
280,Teodorico,De Rye Barrett,tderyebarrett7r@360.cn,Male,26.148.100.99
281,Lucille,Seson,lseson7s@cdbaby.com,Female,61.212.53.57
282,Vanya,Keward,vkeward7t@oakley.com,Female,134.182.246.229
283,Kara-lynn,Dahmel,kdahmel7u@mashable.com,Agender,133.52.65.204
284,Ritchie,Northern,rnorthern7v@hud.gov,Male,90.134.192.231
285,Gail,Stocky,gstocky7w@github.com,Male,161.82.215.102
286,Portie,Auden,pauden7x@hao123.com,Male,197.65.116.99
287,Othella,Ellgood,oellgood7y@behance.net,Polygender,142.172.124.7
288,Shara,Gaber,sgaber7z@earthlink.net,Female,186.12.120.190
289,Court,Jurzyk,cjurzyk80@delicious.com,Genderfluid,57.243.30.126
290,Artemas,Maciaszek,amaciaszek81@dedecms.com,Male,4.125.121.41
291,Doria,Smale,dsmale82@china.com.cn,Female,137.8.136.89
292,Cherilynn,Khan,ckhan83@pcworld.com,Female,119.7.100.237
293,Geneva,Emery,gemery84@shinystat.com,Female,30.223.2.7
294,Agneta,Francescotti,afrancescotti85@eventbrite.com,Female,17.98.234.211
295,Gui,Penhearow,gpenhearow86@mtv.com,Female,165.112.117.205
296,Eloisa,Hovy,ehovy87@ifeng.com,Female,9.54.109.23
297,Odille,Geldard,ogeldard88@nasa.gov,Female,186.201.213.219
298,Billie,Showl,bshowl89@accuweather.com,Female,178.207.21.39
299,Gregorius,Harriot,gharriot8a@fotki.com,Male,27.61.218.211
300,Sal,Quinsee,squinsee8b@devhub.com,Male,106.61.112.238
301,Adolphe,Pankethman,apankethman8c@discuz.net,Male,163.93.90.187
302,Etty,Hubbins,ehubbins8d@sbwire.com,Female,99.108.153.44
303,Annabela,Spinelli,aspinelli8e@cdc.gov,Female,175.76.119.172
304,Rutledge,Rappaport,rrappaport8f@latimes.com,Male,80.28.221.141
305,Erl,Agostini,eagostini8g@senate.gov,Male,162.236.109.2
306,Sloane,Fiveash,sfiveash8h@time.com,Male,117.106.212.93
307,Dorothy,Linkie,dlinkie8i@dailymail.co.uk,Female,154.205.232.147
308,Tana,Arrighi,tarrighi8j@accuweather.com,Female,141.127.14.33
309,Dotti,Tummasutti,dtummasutti8k@unblog.fr,Female,28.73.215.160
310,Kathye,Reagan,kreagan8l@un.org,Female,135.48.36.53
311,Jill,Espinet,jespinet8m@cbc.ca,Female,29.8.14.221
312,Odie,Karby,okarby8n@google.co.jp,Male,244.159.170.245
313,Marilyn,Tolworth,mtolworth8o@usa.gov,Female,111.128.32.202
314,Nathalie,Redborn,nredborn8p@cargocollective.com,Female,108.143.47.229
315,Hall,Doding,hdoding8q@dropbox.com,Male,86.182.103.17
316,Stacia,Bottrell,sbottrell8r@simplemachines.org,Female,210.221.46.58
317,Vince,Teaser,vteaser8s@imdb.com,Male,123.188.22.201
318,Tedda,Moules,tmoules8t@smh.com.au,Female,35.187.168.205
319,Thatcher,Hudspeth,thudspeth8u@squidoo.com,Male,210.215.76.75
320,Kara-lynn,Bowhey,kbowhey8v@noaa.gov,Female,90.250.109.121
321,Wendeline,Romer,wromer8w@phoca.cz,Female,113.255.13.208
322,Charleen,Slaght,cslaght8x@sun.com,Non-binary,238.9.86.162
323,Domingo,Huburn,dhuburn8y@china.com.cn,Male,217.150.148.81
324,Albert,Alberts,aalberts8z@devhub.com,Male,90.221.130.34
325,Lynnette,Deelay,ldeelay90@icq.com,Female,67.155.112.43
326,Harwilll,Humburton,hhumburton91@sogou.com,Male,2.244.209.143
327,Michaelina,Macveigh,mmacveigh92@abc.net.au,Female,5.183.92.148
328,Mickie,Pedreschi,mpedreschi93@businessweek.com,Male,114.60.0.91
329,Lexi,Selwyne,lselwyne94@angelfire.com,Female,162.21.183.191
330,Heath,Deaville,hdeaville95@blogger.com,Agender,216.107.77.120
331,Salem,McAuliffe,smcauliffe96@comsenz.com,Male,83.169.122.12
332,Igor,Bernardos,ibernardos97@bloomberg.com,Non-binary,35.231.76.105
333,Emile,Lourenco,elourenco98@canalblog.com,Male,218.222.138.13
334,Pearce,Calcut,pcalcut99@twitter.com,Male,0.191.194.91
335,Adriano,Cusiter,acusiter9a@admin.ch,Male,215.209.138.23
336,Cly,Pouton,cpouton9b@omniture.com,Male,216.176.70.114
337,Kali,Rathke,krathke9c@engadget.com,Female,65.13.170.243
338,Rachel,Bousler,rbousler9d@nps.gov,Female,169.106.27.81
339,Daisie,Roscher,droscher9e@about.me,Female,145.156.32.13
340,Roxanna,Delacroix,rdelacroix9f@sfgate.com,Bigender,32.5.165.207
341,Joshua,Stonebanks,jstonebanks9g@purevolume.com,Male,116.231.88.35
342,Gordy,Wilds,gwilds9h@soundcloud.com,Male,55.246.141.101
343,Gilberto,Powder,gpowder9i@tiny.cc,Male,144.145.100.226
344,Fairfax,Taffrey,ftaffrey9j@yellowbook.com,Male,120.157.144.221
345,Faustina,Watkiss,fwatkiss9k@nyu.edu,Female,166.68.17.251
346,Xylina,Wilcinskis,xwilcinskis9l@reuters.com,Female,149.141.31.187
347,Jarrad,Glencrash,jglencrash9m@accuweather.com,Male,119.69.22.41
348,Jeannie,Shingfield,jshingfield9n@cbc.ca,Female,250.47.239.147
349,Wenona,Greenroa,wgreenroa9o@cpanel.net,Female,131.148.174.246
350,Maribelle,Mor,mmor9p@yahoo.co.jp,Female,194.75.33.72
351,Anne,Thurlby,athurlby9q@utexas.edu,Polygender,36.244.113.31
352,Lauraine,Feldhorn,lfeldhorn9r@indiegogo.com,Genderqueer,223.15.68.124
353,Alameda,Bill,abill9s@delicious.com,Female,27.108.105.90
354,Meryl,MacGinney,mmacginney9t@goo.gl,Male,116.148.37.85
355,Harmony,Pfeffel,hpfeffel9u@virginia.edu,Female,54.22.7.39
356,Jenifer,Spriggin,jspriggin9v@ameblo.jp,Female,178.63.225.100
357,Leone,Carnie,lcarnie9w@statcounter.com,Female,41.132.253.177
358,Corabel,Margerrison,cmargerrison9x@jimdo.com,Female,8.92.58.129
359,Cletis,Cotterrill,ccotterrill9y@nytimes.com,Male,244.222.72.169
360,Ermengarde,Pedrielli,epedrielli9z@arstechnica.com,Female,60.208.162.170
361,Andre,Pulfer,apulfera0@google.es,Male,186.152.153.101
362,Jacob,MacCaull,jmaccaulla1@is.gd,Male,170.238.30.149
363,Thalia,Rodgers,trodgersa2@dot.gov,Female,189.19.81.64
364,Sherman,Clail,sclaila3@dot.gov,Male,225.63.17.36
365,Chaunce,Hemphill,chemphilla4@umich.edu,Male,105.51.242.183
366,Cos,De Dei,cdedeia5@photobucket.com,Male,213.71.72.230
367,Jereme,Agg,jagga6@flickr.com,Male,19.75.77.152
368,Mitchell,Brandenburg,mbrandenburga7@yellowpages.com,Male,53.81.51.114
369,Laurens,Garrett,lgarretta8@posterous.com,Male,232.233.165.75
370,Hersh,Tydd,htydda9@clickbank.net,Male,114.234.152.52
371,Damara,Grumble,dgrumbleaa@istockphoto.com,Female,16.168.6.217
372,Silas,McCauley,smccauleyab@live.com,Male,72.237.187.206
373,Laird,Gemnett,lgemnettac@jugem.jp,Male,76.248.221.245
374,Anetta,Szymoni,aszymoniad@yellowbook.com,Female,125.179.128.186
375,Janie,Vowell,jvowellae@webs.com,Female,148.157.146.17
376,Becky,Kinnach,bkinnachaf@meetup.com,Female,181.129.208.175
377,Raphaela,Goskar,rgoskarag@vkontakte.ru,Female,87.131.70.116
378,Zora,Cardenas,zcardenasah@springer.com,Female,112.194.64.197
379,Atalanta,Thieme,athiemeai@dot.gov,Female,128.202.141.21
380,Denny,Tooth,dtoothaj@jigsy.com,Female,77.249.136.165
381,Ana,Daveridge,adaveridgeak@mtv.com,Bigender,75.199.159.63
382,Beatriz,Pinxton,bpinxtonal@patch.com,Female,57.200.179.40
383,Leelah,Bomb,lbombam@artisteer.com,Female,160.209.151.170
384,Windham,Pigot,wpigotan@mayoclinic.com,Male,157.155.11.132
385,Ingunna,Craven,icravenao@ebay.co.uk,Non-binary,214.176.250.209
386,Agnella,Jephcote,ajephcoteap@vk.com,Female,109.27.87.87
387,Lexine,Jacklings,ljacklingsaq@sakura.ne.jp,Agender,91.114.125.218
388,Allistir,Riding,aridingar@acquirethisname.com,Male,115.124.61.214
389,Pollyanna,Albertson,palbertsonas@dell.com,Female,104.152.212.30
390,Reed,Cosson,rcossonat@comsenz.com,Agender,178.238.182.235
391,Raviv,Flowitt,rflowittau@free.fr,Male,251.22.125.154
392,Abbie,Leckenby,aleckenbyav@harvard.edu,Male,217.8.191.118
393,Orv,Deedes,odeedesaw@behance.net,Male,102.91.130.119
394,Fields,Cadagan,fcadaganax@irs.gov,Male,48.76.132.202
395,Arlinda,Peschmann,apeschmannay@ask.com,Female,98.231.15.233
396,Baron,Arunowicz,barunowiczaz@ameblo.jp,Non-binary,226.211.41.196
397,Elise,Falkus,efalkusb0@phpbb.com,Female,52.129.72.113
398,Gregorius,Parrett,gparrettb1@studiopress.com,Male,8.69.185.189
399,Aleksandr,Vazquez,avazquezb2@nationalgeographic.com,Male,30.12.105.149
400,Court,Purchon,cpurchonb3@fotki.com,Male,122.22.73.226
401,Kristan,Panniers,kpanniersb4@com.com,Female,220.165.142.27
402,Aldric,Basler,abaslerb5@cyberchimps.com,Male,94.242.87.224
403,Joshuah,Lowmass,jlowmassb6@histats.com,Male,229.85.86.209
404,Paton,Blakeborough,pblakeboroughb7@mapy.cz,Male,146.121.24.57
405,Roz,Deery,rdeeryb8@nsw.gov.au,Female,79.227.139.165
406,Saba,Tinkler,stinklerb9@fastcompany.com,Non-binary,219.155.199.241
407,Emmit,Bywaters,ebywatersba@ifeng.com,Male,83.215.248.184
408,Wake,Sapsed,wsapsedbb@ning.com,Male,178.186.162.97
409,Haywood,Ziemke,hziemkebc@walmart.com,Male,94.90.204.104
410,Smith,Wimlett,swimlettbd@amazon.com,Male,196.143.174.127
411,Marcus,Wallett,mwallettbe@sitemeter.com,Male,123.229.86.248
412,Thebault,Ahrendsen,tahrendsenbf@google.com.hk,Male,94.189.77.39
413,Nona,Ticksall,nticksallbg@salon.com,Female,123.1.59.154
414,Donavon,Arthy,darthybh@apple.com,Male,10.63.131.167
415,Elsa,Oseland,eoselandbi@nsw.gov.au,Female,105.200.54.140
416,Kelcey,Plumptre,kplumptrebj@chicagotribune.com,Female,189.217.25.214
417,Carolynn,Lugden,clugdenbk@wix.com,Female,242.37.12.33
418,Cesaro,Partridge,cpartridgebl@ed.gov,Male,220.174.147.25
419,Rosalind,Sizey,rsizeybm@marketwatch.com,Female,75.144.29.101
420,Kingsly,Kohneke,kkohnekebn@quantcast.com,Male,51.96.69.47
421,Perle,Redmile,predmilebo@wisc.edu,Female,10.48.88.254
422,Timmie,Sargerson,tsargersonbp@hubpages.com,Male,199.87.249.130
423,Nathanil,Crittal,ncrittalbq@privacy.gov.au,Male,118.255.238.79
424,Cynthea,Borless,cborlessbr@nasa.gov,Female,131.224.77.115
425,Jone,Meagh,jmeaghbs@psu.edu,Male,114.42.185.132
426,Tod,Henighan,thenighanbt@t-online.de,Male,154.233.139.245
427,Rafe,Livingstone,rlivingstonebu@thetimes.co.uk,Male,215.124.251.100
428,Coral,McNiff,cmcniffbv@chicagotribune.com,Genderfluid,79.191.170.235
429,Jon,Saltern,jsalternbw@is.gd,Male,159.22.99.218
430,Iggy,Claye,iclayebx@washington.edu,Male,150.220.150.194
431,Evaleen,Drewell,edrewellby@facebook.com,Female,99.135.209.248
432,Ki,Beslier,kbeslierbz@cpanel.net,Female,116.162.204.244
433,Ellerey,Samuel,esamuelc0@epa.gov,Male,92.218.234.194
434,Delly,Reaper,dreaperc1@discovery.com,Non-binary,174.172.206.233
435,Wernher,Bartrap,wbartrapc2@google.cn,Male,216.166.69.218
436,Thomasa,O'Shee,tosheec3@google.com.br,Female,79.181.112.56
437,Willie,Spittal,wspittalc4@dmoz.org,Male,137.0.187.173
438,Cathryn,Buscher,cbuscherc5@arstechnica.com,Female,38.80.104.139
439,Cammy,Fruchter,cfruchterc6@amazonaws.com,Genderqueer,185.226.125.102
440,Brenden,Ascroft,bascroftc7@wordpress.com,Male,203.191.38.109
441,Tamas,Tutchell,ttutchellc8@twitpic.com,Male,218.227.179.112
442,Bekki,Eastes,beastesc9@spotify.com,Female,97.194.157.127
443,Tasha,Gullam,tgullamca@usatoday.com,Female,254.37.120.12
444,Carling,Cleynman,ccleynmancb@rakuten.co.jp,Male,213.235.160.162
445,Tomlin,Youdell,tyoudellcc@51.la,Male,162.210.155.29
446,Alice,Euler,aeulercd@xing.com,Female,205.132.208.93
447,Emily,Drennan,edrennance@hubpages.com,Female,30.248.32.180
448,Selene,Braybrooks,sbraybrookscf@networkadvertising.org,Female,249.30.214.18
449,Klarrisa,Kepling,kkeplingcg@dot.gov,Female,23.17.195.125
450,Lesli,Marde,lmardech@gmpg.org,Female,81.47.19.68
451,Samaria,Ottewill,sottewillci@techcrunch.com,Female,56.79.218.32
452,Adlai,Deluca,adelucacj@miitbeian.gov.cn,Male,92.96.183.13
453,Carmela,Dillinger,cdillingerck@taobao.com,Female,237.154.154.226
454,Sidoney,Considine,sconsidinecl@chron.com,Female,82.18.177.41
455,Michel,Jasiak,mjasiakcm@tmall.com,Agender,168.174.57.137
456,Dolores,Dalgetty,ddalgettycn@timesonline.co.uk,Female,68.52.60.81
457,Fons,Domeny,fdomenyco@tumblr.com,Male,193.160.59.226
458,Adlai,Franz,afranzcp@clickbank.net,Male,90.174.203.130
459,Jackie,Alfonzo,jalfonzocq@theglobeandmail.com,Female,118.209.106.205
460,Siusan,Butland,sbutlandcr@google.de,Female,95.174.253.18
461,Jillana,Danilovich,jdanilovichcs@ovh.net,Female,140.138.0.139
462,Aksel,Grut,agrutct@oaic.gov.au,Male,3.218.142.143
463,Angil,Dary,adarycu@independent.co.uk,Female,185.25.200.247
464,Eugene,Grunbaum,egrunbaumcv@bloomberg.com,Male,28.216.34.182
465,Stanley,Jamison,sjamisoncw@scientificamerican.com,Male,252.125.203.53
466,Rivkah,Fairham,rfairhamcx@twitpic.com,Female,76.231.77.63
467,Gale,Test,gtestcy@virginia.edu,Female,134.112.94.95
468,Kaspar,Slorach,kslorachcz@eventbrite.com,Male,44.146.143.15
469,Rodrick,Dimock,rdimockd0@ftc.gov,Male,56.7.75.76
470,Kenyon,Coghlan,kcoghland1@vinaora.com,Male,143.41.16.103
471,Darleen,Luckcock,dluckcockd2@ihg.com,Bigender,206.56.241.203
472,Appolonia,Shard,ashardd3@tuttocitta.it,Genderfluid,171.104.199.75
473,Ailee,Sizzey,asizzeyd4@techcrunch.com,Female,153.182.110.83
474,Kirstin,Hexter,khexterd5@bluehost.com,Female,249.237.173.24
475,Vladamir,Truwert,vtruwertd6@cafepress.com,Male,252.10.123.20
476,Thom,Kaman,tkamand7@indiatimes.com,Male,162.49.87.79
477,Evelina,Johannes,ejohannesd8@devhub.com,Female,133.90.129.135
478,Shurlocke,Mussettini,smussettinid9@sourceforge.net,Male,141.144.207.18
479,Aguste,Traske,atraskeda@google.co.uk,Male,113.139.210.246
480,Gilbertina,Scranedge,gscranedgedb@wikipedia.org,Female,189.10.72.96
481,Almire,Dumberell,adumberelldc@businessinsider.com,Female,88.80.251.160
482,Petunia,Steutly,psteutlydd@cpanel.net,Female,186.245.96.26
483,Zea,Sherburn,zsherburnde@addthis.com,Female,113.75.243.212
484,Odessa,Redferne,oredfernedf@cbc.ca,Female,185.54.18.187
485,Elsworth,Dallmann,edallmanndg@earthlink.net,Male,150.82.106.137
486,Carly,Stebbings,cstebbingsdh@cafepress.com,Male,163.193.115.90
487,Brucie,Bene,bbenedi@yellowpages.com,Male,138.243.134.57
488,Shalne,Blackett,sblackettdj@ebay.co.uk,Female,75.191.146.21
489,Hendrik,McAlroy,hmcalroydk@vistaprint.com,Male,242.121.107.31
490,Jamaal,Crommett,jcrommettdl@fotki.com,Genderqueer,162.191.121.109
491,Almire,Nuccii,anucciidm@netvibes.com,Female,207.82.252.196
492,Scotti,Goldstein,sgoldsteindn@exblog.jp,Male,125.198.147.255
493,Adam,Castledine,acastledinedo@zdnet.com,Male,59.173.196.208
494,Spence,Patey,spateydp@gnu.org,Male,213.77.206.230
495,Debbie,Tiuit,dtiuitdq@google.co.jp,Bigender,8.246.118.255
496,Brigitte,Duddin,bduddindr@abc.net.au,Female,154.174.199.238
497,Beret,Paydon,bpaydonds@infoseek.co.jp,Female,241.183.164.244
498,Earvin,Pizzie,epizziedt@joomla.org,Male,21.90.187.16
499,Gearalt,Kington,gkingtondu@blogs.com,Male,51.205.7.89
500,Osborn,Neising,oneisingdv@archive.org,Male,48.136.77.37
501,Hugues,Briamo,hbriamodw@archive.org,Male,147.248.2.178
502,Karol,Matchitt,kmatchittdx@noaa.gov,Female,28.83.237.203
503,Rosamund,Pitway,rpitwaydy@google.de,Female,232.31.238.195
504,Nady,Durrant,ndurrantdz@cbslocal.com,Female,128.118.117.52
505,Chiarra,Girardet,cgirardete0@vinaora.com,Female,134.10.149.125
506,Deanna,McCorley,dmccorleye1@opera.com,Female,142.23.173.169
507,Tierney,Jore,tjoree2@jugem.jp,Female,112.190.195.67
508,Gregory,Cisec,gcisece3@sciencedaily.com,Male,119.28.173.244
509,Hamnet,Elderfield,helderfielde4@sina.com.cn,Male,40.28.243.53
510,Abbie,Mawman,amawmane5@youtu.be,Male,61.242.230.200
511,Manny,Quilleash,mquilleashe6@unblog.fr,Male,118.134.101.85
512,Hiram,Vatcher,hvatchere7@storify.com,Male,20.8.117.217
513,Prudence,Shawyers,pshawyerse8@alexa.com,Female,148.41.218.154
514,Kendre,Woodcraft,kwoodcrafte9@europa.eu,Female,249.86.223.22
515,Pamella,Moreno,pmorenoea@vinaora.com,Female,66.46.176.248
516,Jemima,Michel,jmicheleb@naver.com,Female,62.71.58.203
517,Sile,Akrigg,sakriggec@wikispaces.com,Female,205.234.162.19
518,Borden,Lamyman,blamymaned@godaddy.com,Male,27.245.207.55
519,Ilario,Reagan,ireaganee@wordpress.org,Male,239.165.172.19
520,Caresa,Caldes,ccaldesef@google.fr,Female,139.72.97.201
521,Mauricio,Surr,msurreg@hibu.com,Male,97.205.147.19
522,Claudell,Casale,ccasaleeh@apache.org,Male,197.77.106.200
523,Raphael,Dilliway,rdilliwayei@patch.com,Male,38.250.253.119
524,Rora,Hedgeley,rhedgeleyej@nytimes.com,Female,231.222.151.223
525,Marcello,Ogdahl,mogdahlek@patch.com,Male,138.135.147.34
526,Karina,Kempton,kkemptonel@ow.ly,Female,144.227.62.248
527,Milt,Nestle,mnestleem@shutterfly.com,Male,117.148.68.246
528,Grethel,Tuck,gtucken@amazon.com,Female,41.148.130.117
529,Peggie,Cokly,pcoklyeo@webeden.co.uk,Female,90.0.112.190
530,Kevyn,Regorz,kregorzep@paginegialle.it,Female,15.136.195.233
531,Mycah,Daynter,mdayntereq@discovery.com,Male,35.96.99.51
532,Aprilette,Baird,abairder@goo.ne.jp,Female,246.132.176.87
533,Juan,Bohike,jbohikees@cpanel.net,Male,40.197.26.52
534,Leigh,Laver,llaveret@cnet.com,Male,149.88.132.50
535,Stepha,Schout,sschouteu@hud.gov,Bigender,186.16.197.167
536,Karoly,Stiegars,kstiegarsev@mlb.com,Male,186.166.77.253
537,Adorne,Poskitt,aposkittew@sphinn.com,Female,171.103.71.164
538,Verney,Tuite,vtuiteex@pen.io,Male,23.114.183.99
539,Jeanine,Villaret,jvillaretey@salon.com,Genderfluid,142.55.128.81
540,Marcela,Liell,mliellez@apple.com,Female,2.116.126.129
541,Kenon,Timmis,ktimmisf0@dailymotion.com,Male,177.174.112.71
542,Iolande,Hartright,ihartrightf1@army.mil,Female,132.122.156.117
543,Darla,Posselt,dposseltf2@apache.org,Genderfluid,110.116.48.34
544,Sabine,Labern,slabernf3@google.pl,Female,151.216.97.176
545,Norina,Cromley,ncromleyf4@ovh.net,Female,125.78.206.192
546,Parry,Player,pplayerf5@rambler.ru,Male,236.155.163.72
547,Bethina,Geratt,bgerattf6@ycombinator.com,Female,39.160.132.165
548,Barbra,Gierke,bgierkef7@netvibes.com,Female,12.82.201.49
549,Gayla,Sample,gsamplef8@cyberchimps.com,Female,102.183.80.38
550,Bartholomew,Steadman,bsteadmanf9@statcounter.com,Male,221.14.39.243
551,Chickie,Doig,cdoigfa@newyorker.com,Male,51.222.90.78
552,Brockie,Dragoe,bdragoefb@123-reg.co.uk,Male,161.202.73.35
553,Harlan,Furlonge,hfurlongefc@slashdot.org,Male,219.54.41.83
554,Claresta,Farren,cfarrenfd@japanpost.jp,Female,198.36.199.71
555,Ellerey,Southorn,esouthornfe@twitpic.com,Male,105.104.187.117
556,Kariotta,Redemile,kredemileff@apple.com,Female,50.253.47.11
557,Bent,O'Fallone,bofallonefg@psu.edu,Male,211.185.167.103
558,Gar,Dalyiel,gdalyielfh@tinyurl.com,Male,82.2.150.74
559,Buckie,Leon,bleonfi@gov.uk,Male,227.190.135.59
560,Margaretta,Orwell,morwellfj@yahoo.com,Female,55.98.120.219
561,Belita,Petchell,bpetchellfk@chron.com,Female,177.227.48.224
562,Neely,Olekhov,nolekhovfl@chronoengine.com,Female,57.111.22.77
563,Marje,Millimoe,mmillimoefm@toplist.cz,Female,181.34.201.234
564,Blinny,Beartup,bbeartupfn@unesco.org,Polygender,67.239.54.101
565,Malena,Thowless,mthowlessfo@yahoo.co.jp,Female,130.243.152.20
566,Anissa,McCome,amccomefp@weather.com,Female,104.99.224.18
567,Bernadette,Waterhouse,bwaterhousefq@wordpress.com,Female,65.91.209.20
568,Robinette,Goldsby,rgoldsbyfr@yellowpages.com,Female,177.210.236.17
569,Cyril,Moncey,cmonceyfs@discuz.net,Male,156.46.215.179
570,Billie,Crossthwaite,bcrossthwaiteft@princeton.edu,Non-binary,168.96.232.214
571,Angil,O'Corhane,aocorhanefu@home.pl,Female,25.99.244.131
572,Percival,Ledwidge,pledwidgefv@patch.com,Male,238.216.32.42
573,Mario,Suatt,msuattfw@nationalgeographic.com,Male,216.101.69.2
574,Abigail,de Keep,adekeepfx@va.gov,Female,215.13.173.68
575,Marcile,Kadwallider,mkadwalliderfy@imageshack.us,Female,217.70.36.229
576,Dore,Paunton,dpauntonfz@wikipedia.org,Female,148.209.233.156
577,Tilly,Spellward,tspellwardg0@blogger.com,Female,86.37.139.23
578,Erhart,Cattenach,ecattenachg1@noaa.gov,Male,48.207.98.204
579,Elka,Ramalhete,eramalheteg2@meetup.com,Polygender,91.38.164.209
580,Brande,Paulo,bpaulog3@shinystat.com,Female,183.9.182.215
581,Karlen,Teodoro,kteodorog4@rediff.com,Female,184.94.180.82
582,Gwenni,Soares,gsoaresg5@t-online.de,Female,32.228.4.10
583,Britt,Mountfort,bmountfortg6@alexa.com,Male,132.120.134.58
584,Neila,Cobson,ncobsong7@tripod.com,Female,202.79.44.112
585,Evanne,Baddeley,ebaddeleyg8@cafepress.com,Female,96.212.67.121
586,Englebert,Batch,ebatchg9@123-reg.co.uk,Male,8.141.218.165
587,Xena,Byrom,xbyromga@nps.gov,Non-binary,193.72.227.207
588,Norman,Rubee,nrubeegb@telegraph.co.uk,Male,31.99.18.173
589,Tobit,Heare,thearegc@hexun.com,Male,252.224.227.179
590,Hildagard,Coy,hcoygd@quantcast.com,Female,35.95.130.25
591,Louisette,Brownsmith,lbrownsmithge@virginia.edu,Female,209.14.249.16
592,Justinian,Gorrissen,jgorrissengf@army.mil,Male,2.167.51.218
593,Austen,Kettley,akettleygg@naver.com,Male,175.45.158.97
594,James,McSharry,jmcsharrygh@indiegogo.com,Bigender,77.208.31.231
595,Emlyn,Thake,ethakegi@booking.com,Female,221.5.221.157
596,Charlene,Neissen,cneissengj@e-recht24.de,Polygender,45.145.229.107
597,Arlana,Drewell,adrewellgk@lulu.com,Female,155.199.244.17
598,Mead,Bilton,mbiltongl@mtv.com,Female,177.49.125.206
599,Oren,Sarl,osarlgm@chronoengine.com,Male,69.60.94.156
600,Shep,Wellbelove,swellbelovegn@ebay.co.uk,Male,71.9.19.251
601,Zacharia,Heaney`,zheaneygo@ca.gov,Male,241.209.22.191
602,Tiffie,O'Flaverty,toflavertygp@cmu.edu,Genderfluid,113.126.207.26
603,Benny,Cantrell,bcantrellgq@spotify.com,Female,150.200.193.10
604,Rad,Wanka,rwankagr@cnn.com,Male,83.70.48.48
605,Tiphanie,Wilds,twildsgs@uol.com.br,Female,7.120.115.158
606,Forest,Reynault,freynaultgt@eepurl.com,Male,126.238.147.98
607,Graeme,Alger,galgergu@mysql.com,Male,12.160.178.138
608,Reine,Caudray,rcaudraygv@icq.com,Non-binary,199.137.68.0
609,Vern,Junifer,vjunifergw@google.co.jp,Male,122.155.208.223
610,Tory,Doy,tdoygx@squarespace.com,Female,223.114.83.156
611,Cam,Lile,clilegy@blogs.com,Female,167.59.156.99
612,Clerkclaude,Dowey,cdoweygz@behance.net,Male,83.210.3.253
613,Gannie,Hallock,ghallockh0@cbsnews.com,Male,209.220.196.27
614,Cosetta,Paddison,cpaddisonh1@dagondesign.com,Female,167.241.31.30
615,Krystal,Horbart,khorbarth2@i2i.jp,Genderqueer,216.10.123.27
616,Tabby,Stinchcombe,tstinchcombeh3@cnn.com,Male,209.91.113.226
617,Clyde,Furmenger,cfurmengerh4@bluehost.com,Male,108.46.125.77
618,Ludvig,Cunliffe,lcunliffeh5@constantcontact.com,Male,231.227.150.166
619,Emmet,Privett,eprivetth6@elpais.com,Male,54.72.125.176
620,Ginevra,Hollyard,ghollyardh7@ovh.net,Female,41.47.151.88
621,Kay,Burwin,kburwinh8@soundcloud.com,Female,217.39.117.6
622,Fleurette,Artingstall,fartingstallh9@adobe.com,Female,27.194.72.3
623,Anett,Tuohy,atuohyha@de.vu,Female,89.223.170.16
624,Haze,Coiley,hcoileyhb@ucla.edu,Male,52.56.79.96
625,Marcellus,Dearnaley,mdearnaleyhc@w3.org,Male,54.71.131.233
626,Timi,Shepheard,tshepheardhd@quantcast.com,Female,151.28.175.129
627,Bea,Thumann,bthumannhe@mediafire.com,Female,197.245.247.204
628,Elisabet,Ivanyukov,eivanyukovhf@amazonaws.com,Female,39.69.89.213
629,Florrie,Stepney,fstepneyhg@intel.com,Female,201.226.41.20
630,Sampson,MacDaid,smacdaidhh@cdc.gov,Male,52.143.48.86
631,Griffy,Maddaford,gmaddafordhi@diigo.com,Male,64.4.88.122
632,Darbie,Eborall,deborallhj@shutterfly.com,Female,227.16.57.122
633,Beulah,Bakeup,bbakeuphk@moonfruit.com,Female,246.226.5.114
634,Suzann,McNeice,smcneicehl@opensource.org,Female,11.231.87.178
635,Morgen,O'Logan,mologanhm@tripadvisor.com,Female,45.180.93.219
636,Francesco,Melmoth,fmelmothhn@cornell.edu,Polygender,115.32.178.151
637,Janice,Stuckow,jstuckowho@home.pl,Female,0.106.244.116
638,Nanny,Enderson,nendersonhp@mapquest.com,Female,33.94.227.33
639,Cristian,Ingilson,cingilsonhq@topsy.com,Male,146.92.5.119
640,Ardenia,Eastop,aeastophr@bbb.org,Female,94.176.199.219
641,Daven,Pigeon,dpigeonhs@columbia.edu,Male,25.79.242.92
642,Merridie,Bigadike,mbigadikeht@instagram.com,Female,63.131.99.226
643,Koo,MacGorrie,kmacgorriehu@flickr.com,Genderqueer,221.169.118.173
644,Valentijn,Kevis,vkevishv@biblegateway.com,Male,79.205.202.210
645,Babita,Mallett,bmalletthw@wordpress.com,Female,243.161.79.231
646,Dulciana,Basile,dbasilehx@pen.io,Agender,157.216.204.82
647,Euell,Banbury,ebanburyhy@shop-pro.jp,Male,28.46.107.62
648,Lyn,Kopta,lkoptahz@blog.com,Male,30.247.188.19
649,Tessa,Waggatt,twaggatti0@indiatimes.com,Female,146.20.211.151
650,Dare,Hallowell,dhallowelli1@google.fr,Male,200.240.160.238
651,Pierette,Sherwin,psherwini2@mozilla.com,Female,32.244.187.199
652,Yasmeen,Ellerman,yellermani3@unicef.org,Female,162.5.122.91
653,Chase,Bowlas,cbowlasi4@bbb.org,Polygender,244.225.254.209
654,Victor,Petrie,vpetriei5@scientificamerican.com,Male,25.36.4.109
655,Otto,Mableson,omablesoni6@indiatimes.com,Male,85.79.91.233
656,Orlando,Wavell,owavelli7@opensource.org,Male,242.201.90.252
657,Brose,McDougald,bmcdougaldi8@economist.com,Male,213.193.145.7
658,Lidia,Carlet,lcarleti9@army.mil,Female,227.245.165.49
659,Archer,Alans,aalansia@bing.com,Male,94.210.74.20
660,Nissa,Vesty,nvestyib@disqus.com,Genderfluid,163.71.17.158
661,Niki,Trank,ntrankic@admin.ch,Male,41.137.146.240
662,Land,Wrotham,lwrothamid@themeforest.net,Male,39.243.175.203
663,Deonne,Hawton,dhawtonie@time.com,Female,200.53.51.98
664,Alyce,Ludlem,aludlemif@ebay.com,Female,99.231.161.237
665,Selma,Swine,sswineig@wisc.edu,Female,49.86.90.42
666,Evy,Goold,egooldih@stumbleupon.com,Female,204.160.25.31
667,Cammy,Heaphy,cheaphyii@washingtonpost.com,Male,96.1.81.20
668,Sabra,Bramford,sbramfordij@meetup.com,Female,38.201.226.173
669,Aeriela,Newgrosh,anewgroshik@phpbb.com,Female,212.19.235.250
670,Margette,Luquet,mluquetil@ow.ly,Female,178.50.35.56
671,Ealasaid,Becket,ebecketim@state.gov,Female,215.243.76.47
672,Anetta,Ughelli,aughelliin@webnode.com,Female,206.109.110.3
673,Bethanne,Ellinor,bellinorio@cnn.com,Female,113.209.210.226
674,Crystal,Achurch,cachurchip@cnn.com,Female,172.18.87.101
675,Bank,Fellos,bfellosiq@wp.com,Male,73.250.107.186
676,Randie,Lehenmann,rlehenmannir@i2i.jp,Genderfluid,144.139.69.238
677,Hayley,Petracchi,hpetracchiis@yolasite.com,Female,62.135.147.10
678,Findlay,Slocket,fslocketit@bizjournals.com,Male,97.194.237.232
679,Bogart,Winder,bwinderiu@japanpost.jp,Male,151.32.201.184
680,Xylia,Stowers,xstowersiv@apple.com,Female,207.175.155.45
681,Arlena,Box,aboxiw@fotki.com,Female,42.154.183.119
682,Gillie,Lamming,glammingix@chronoengine.com,Female,116.117.13.225
683,Wald,Wooddisse,wwooddisseiy@biglobe.ne.jp,Male,249.226.102.44
684,Jon,Stedall,jstedalliz@ox.ac.uk,Male,65.60.165.47
685,Bobina,Brigden,bbrigdenj0@alibaba.com,Female,25.204.198.45
686,Edithe,Plumstead,eplumsteadj1@mac.com,Female,124.205.101.49
687,Dilan,Readman,dreadmanj2@wikimedia.org,Male,115.211.228.227
688,Teri,Wedge,twedgej3@mlb.com,Female,137.46.165.104
689,Rica,Dredge,rdredgej4@ucsd.edu,Female,119.195.181.31
690,Morry,Pugh,mpughj5@forbes.com,Male,172.100.81.29
691,Alecia,Shaplin,ashaplinj6@godaddy.com,Genderfluid,205.234.18.184
692,Nancie,Canner,ncannerj7@pcworld.com,Female,196.194.167.100
693,Dominica,Primak,dprimakj8@npr.org,Female,87.149.28.35
694,Janey,Mays,jmaysj9@slate.com,Female,244.101.57.238
695,Keen,McLane,kmclaneja@quantcast.com,Male,93.204.173.3
696,Lonnie,Jeacock,ljeacockjb@themeforest.net,Male,253.74.75.128
697,Paul,Mannering,pmanneringjc@networksolutions.com,Male,110.40.13.117
698,Cord,Brideoke,cbrideokejd@squidoo.com,Male,59.196.240.66
699,Jephthah,Drinkwater,jdrinkwaterje@imageshack.us,Male,231.181.102.100
700,Inez,Barkway,ibarkwayjf@blogtalkradio.com,Female,55.253.213.146
701,Averil,Surgenor,asurgenorjg@constantcontact.com,Male,246.41.49.118
702,Towney,Schofield,tschofieldjh@comsenz.com,Male,30.156.194.211
703,Jabez,Bufton,jbuftonji@bloglovin.com,Male,237.231.6.165
704,Patrizius,Reven,prevenjj@yellowbook.com,Male,26.190.107.27
705,Georges,Dunbobin,gdunbobinjk@gov.uk,Male,209.97.116.18
706,Dehlia,Rix,drixjl@typepad.com,Female,6.40.185.216
707,Ad,Dollar,adollarjm@booking.com,Male,168.196.41.164
708,Rodge,Clashe,rclashejn@ustream.tv,Male,74.5.143.122
709,Edvard,Stagg,estaggjo@furl.net,Male,124.30.200.220
710,Stevy,Glenwright,sglenwrightjp@drupal.org,Male,203.154.160.140
711,Constantino,Lago,clagojq@phoca.cz,Male,68.7.226.43
712,Donni,Limrick,dlimrickjr@blog.com,Female,249.48.160.63
713,Marnia,Madle,mmadlejs@reuters.com,Female,248.146.189.103
714,Neale,Niesing,nniesingjt@twitpic.com,Male,198.213.179.247
715,Ginelle,Ironmonger,gironmongerju@independent.co.uk,Female,27.21.11.65
716,Mia,Guerri,mguerrijv@theatlantic.com,Female,103.161.129.28
717,Rollin,Oxteby,roxtebyjw@devhub.com,Male,67.48.181.63
718,Cazzie,Milvarnie,cmilvarniejx@sina.com.cn,Male,22.53.171.26
719,Phillipe,Fasse,pfassejy@cnet.com,Male,100.87.86.73
720,Kort,Shillito,kshillitojz@uiuc.edu,Male,134.125.207.66
721,Garik,Featherstone,gfeatherstonek0@patch.com,Male,165.112.238.252
722,Arlen,Barczewski,abarczewskik1@wikipedia.org,Female,59.224.167.48
723,Melessa,Duckitt,mduckittk2@hud.gov,Bigender,15.171.232.216
724,Dur,Ebden,debdenk3@washington.edu,Male,143.143.98.84
725,Winnifred,Arnott,warnottk4@statcounter.com,Female,2.28.60.135
726,Tracie,Scoble,tscoblek5@aboutads.info,Genderqueer,198.49.210.225
727,Wittie,Yuryichev,wyuryichevk6@foxnews.com,Male,228.106.48.102
728,Dunc,Inkpin,dinkpink7@msu.edu,Male,3.110.197.86
729,Aleksandr,Fowell,afowellk8@i2i.jp,Male,248.8.91.150
730,Karyn,Tudbald,ktudbaldk9@thetimes.co.uk,Bigender,81.220.84.50
731,Chrissie,Tredger,ctredgerka@ucla.edu,Male,71.117.65.25
732,Giavani,Tyzack,gtyzackkb@mail.ru,Male,215.0.72.132
733,Ravi,Woolfall,rwoolfallkc@springer.com,Male,223.167.203.86
734,Hashim,Narramor,hnarramorkd@1und1.de,Male,22.92.25.174
735,Meris,Richley,mrichleyke@ibm.com,Non-binary,124.222.55.156
736,Stacie,Maestrini,smaestrinikf@netvibes.com,Female,170.26.180.191
737,Louisa,McQuade,lmcquadekg@miibeian.gov.cn,Female,51.84.67.96
738,Itch,Vinson,ivinsonkh@cbslocal.com,Male,78.210.57.82
739,Tabitha,Suttill,tsuttillki@latimes.com,Female,170.172.11.217
740,Charlie,Bellhouse,cbellhousekj@nba.com,Male,118.119.207.75
741,Kenton,Rivel,krivelkk@theguardian.com,Male,44.6.9.54
742,Ertha,O'Farrell,eofarrellkl@twitpic.com,Female,183.147.155.52
743,Bondon,Over,boverkm@nasa.gov,Male,92.24.185.95
744,Shanna,Shipcott,sshipcottkn@omniture.com,Genderqueer,39.157.212.175
745,Emory,Sommerled,esommerledko@vistaprint.com,Male,4.155.145.159
746,Marne,Forst,mforstkp@soup.io,Bigender,96.83.58.45
747,Arlena,Drewery,adrewerykq@discuz.net,Female,56.186.145.43
748,Guglielmo,Wagenen,gwagenenkr@vkontakte.ru,Male,69.27.170.112
749,Staci,Tytterton,styttertonks@clickbank.net,Female,227.75.200.105
750,Chase,Carnock,ccarnockkt@marriott.com,Bigender,253.40.224.12
751,Luz,Shea,lsheaku@tripadvisor.com,Female,241.135.230.156
752,Ailey,Danks,adankskv@umich.edu,Genderfluid,232.205.85.52
753,Conney,Argrave,cargravekw@goo.ne.jp,Male,107.194.86.180
754,Diena,Markovich,dmarkovichkx@irs.gov,Female,187.254.165.131
755,Eward,Kier,ekierky@liveinternet.ru,Male,158.4.164.47
756,Krystal,Arnowitz,karnowitzkz@fema.gov,Female,66.173.89.20
757,Teddie,Measom,tmeasoml0@ox.ac.uk,Male,130.126.94.106
758,Debora,Feldheim,dfeldheiml1@plala.or.jp,Female,229.154.156.248
759,Cal,Dagg,cdaggl2@nsw.gov.au,Female,221.86.200.244
760,Russell,Slad,rsladl3@dyndns.org,Male,145.78.163.208
761,Blaine,Trippitt,btrippittl4@ezinearticles.com,Male,15.254.244.24
762,Winslow,Jephcote,wjephcotel5@dagondesign.com,Male,73.98.175.0
763,Katy,Boatright,kboatrightl6@histats.com,Female,87.5.11.153
764,Bunni,Scullin,bscullinl7@hud.gov,Female,50.241.139.67
765,Elvin,Tethcote,etethcotel8@g.co,Male,53.231.230.202
766,Nicky,Simonds,nsimondsl9@jimdo.com,Male,107.71.211.199
767,Paige,McCallion,pmccallionla@bandcamp.com,Female,48.44.100.249
768,Evvy,Fortune,efortunelb@moonfruit.com,Female,204.121.166.192
769,Kally,Bowmer,kbowmerlc@tinypic.com,Female,27.168.104.99
770,Dennis,Skinn,dskinnld@huffingtonpost.com,Male,226.210.21.67
771,Mikaela,Tortoise,mtortoisele@youku.com,Female,80.93.1.250
772,Pepito,Coulton,pcoultonlf@arizona.edu,Male,72.183.92.54
773,Meg,Peyntue,mpeyntuelg@webs.com,Female,74.144.146.55
774,Gavra,Morcombe,gmorcombelh@typepad.com,Female,240.41.158.112
775,Clementine,Woolmer,cwoolmerli@tuttocitta.it,Female,75.226.162.136
776,Griffin,Hedgecock,ghedgecocklj@chicagotribune.com,Male,229.152.82.33
777,Charlie,Hanretty,chanrettylk@walmart.com,Male,203.230.251.129
778,Ezekiel,Legan,eleganll@unblog.fr,Genderfluid,138.212.164.250
779,Ursuline,Matthai,umatthailm@bbb.org,Bigender,133.67.110.255
780,Bab,Hoxey,bhoxeyln@i2i.jp,Female,41.178.104.197
781,Debby,Pires,dpireslo@booking.com,Female,108.18.209.136
782,Robena,Dannatt,rdannattlp@people.com.cn,Female,238.171.158.97
783,Hobie,Parfitt,hparfittlq@theatlantic.com,Male,247.123.2.145
784,Shadow,Reade,sreadelr@people.com.cn,Male,160.151.219.40
785,Ingeberg,Copozio,icopoziols@nyu.edu,Female,3.27.223.138
786,Eliot,Souten,esoutenlt@ucsd.edu,Male,157.68.157.91
787,Ezekiel,Brayn,ebraynlu@sciencedaily.com,Male,94.164.225.217
788,Sholom,Bedson,sbedsonlv@ask.com,Male,52.244.85.192
789,Elnore,Lapwood,elapwoodlw@fc2.com,Female,13.213.229.173
790,Madeline,Penright,mpenrightlx@accuweather.com,Female,98.179.131.1
791,Fanny,Donisthorpe,fdonisthorpely@craigslist.org,Female,229.176.143.43
792,Atlanta,Gersam,agersamlz@dion.ne.jp,Female,96.10.175.243
793,Debbie,Senchenko,dsenchenkom0@census.gov,Female,65.10.102.87
794,Alessandro,Pegler,apeglerm1@jugem.jp,Male,38.198.24.88
795,Gilbert,Izaks,gizaksm2@blogtalkradio.com,Male,254.124.37.82
796,Fulvia,Rapps,frappsm3@dagondesign.com,Female,90.240.194.94
797,Kath,Hess,khessm4@mac.com,Female,148.67.182.97
798,Fidelity,Trime,ftrimem5@youku.com,Female,25.103.219.100
799,Karrie,Boken,kbokenm6@mediafire.com,Female,178.55.190.130
800,Bobbee,Venard,bvenardm7@scientificamerican.com,Female,116.185.157.201
801,Amabelle,Freegard,afreegardm8@jalbum.net,Female,92.181.32.220
802,Portie,Dillestone,pdillestonem9@sogou.com,Male,43.165.20.249
803,Cybil,Rooson,croosonma@adobe.com,Female,204.16.123.55
804,Consolata,Dwire,cdwiremb@issuu.com,Female,219.2.70.161
805,Fey,Laval,flavalmc@epa.gov,Female,34.131.16.137
806,Godfry,Pencost,gpencostmd@craigslist.org,Male,94.239.182.117
807,Kettie,Vasentsov,kvasentsovme@twitter.com,Female,231.17.85.187
808,Elden,Morfell,emorfellmf@forbes.com,Male,232.160.214.78
809,Ashly,Gabbat,agabbatmg@springer.com,Female,12.254.81.152
810,Arielle,Deplacido,adeplacidomh@g.co,Female,67.76.76.219
811,Doria,Mattis,dmattismi@printfriendly.com,Female,42.139.128.237
812,Franklin,Casterton,fcastertonmj@canalblog.com,Male,229.91.24.178
813,Amberly,MacPeice,amacpeicemk@de.vu,Female,221.190.158.60
814,Rhianna,Treadway,rtreadwayml@php.net,Female,163.2.244.246
815,Bing,July,bjulymm@cnn.com,Male,81.24.127.165
816,Sissie,Brach,sbrachmn@is.gd,Polygender,19.220.92.172
817,Alene,Yesinin,ayesininmo@omniture.com,Female,92.162.134.139
818,Melisent,Glashby,mglashbymp@oaic.gov.au,Female,249.171.251.78
819,Orton,Fawdery,ofawderymq@angelfire.com,Genderfluid,96.117.113.176
820,Lilas,Zelley,lzelleymr@plala.or.jp,Female,67.90.88.248
821,Dalton,Ceeley,dceeleyms@drupal.org,Male,107.5.27.120
822,Abba,Wheelan,awheelanmt@indiegogo.com,Male,34.214.31.38
823,Eulalie,Ference,eferencemu@cyberchimps.com,Female,52.203.63.89
824,Krishnah,Colgan,kcolganmv@nationalgeographic.com,Male,94.183.29.85
825,Duff,Sallery,dsallerymw@domainmarket.com,Male,146.213.141.131
826,Erika,Battersby,ebattersbymx@tamu.edu,Female,254.116.11.22
827,Ellery,Verbrugghen,everbrugghenmy@comcast.net,Male,63.224.127.123
828,Cris,Siege,csiegemz@example.com,Male,165.188.214.229
829,Emmanuel,Wishkar,ewishkarn0@noaa.gov,Male,33.35.228.17
830,Orv,Sutherland,osutherlandn1@hp.com,Male,139.56.110.11
831,Cecilius,Clardge,cclardgen2@ihg.com,Male,195.151.175.92
832,Sigmund,Feehily,sfeehilyn3@cpanel.net,Male,99.158.69.231
833,Randy,Aveline,ravelinen4@google.com.hk,Female,93.62.167.22
834,Lennie,Hagland,lhaglandn5@scribd.com,Male,183.212.177.73
835,Dominik,Picard,dpicardn6@fastcompany.com,Male,102.104.98.177
836,Terri,Veryard,tveryardn7@independent.co.uk,Bigender,246.100.157.30
837,Nissy,Cortese,ncortesen8@oaic.gov.au,Female,118.15.175.191
838,Rosmunda,Davidovsky,rdavidovskyn9@google.com.au,Female,163.22.168.129
839,Aksel,Tryme,atrymena@seesaa.net,Male,148.206.190.67
840,Demetria,Test,dtestnb@salon.com,Female,31.76.239.114
841,Idelle,Matthews,imatthewsnc@virginia.edu,Female,107.134.114.242
842,Alysia,Hurlin,ahurlinnd@theguardian.com,Female,241.69.230.239
843,Pascal,Orsi,porsine@webs.com,Male,119.206.97.186
844,Ginevra,Munro,gmunronf@hexun.com,Female,90.209.70.17
845,Elfie,Learmond,elearmondng@smh.com.au,Female,60.246.166.171
846,Kevyn,Marnes,kmarnesnh@mac.com,Genderfluid,57.128.202.249
847,Alexandre,Goggey,agoggeyni@imgur.com,Male,2.243.227.100
848,Clio,Weddeburn - Scrimgeour,cweddeburnscrimgeournj@cbslocal.com,Female,221.58.27.32
849,Joey,Wickenden,jwickendennk@plala.or.jp,Male,23.105.59.167
850,Taber,Gianolo,tgianolonl@slate.com,Male,142.204.82.174
851,Brinna,Duddridge,bduddridgenm@ehow.com,Female,91.30.75.242
852,Payton,Dugdale,pdugdalenn@salon.com,Male,64.76.174.55
853,Yvor,Scrimshire,yscrimshireno@tumblr.com,Male,114.72.191.208
854,Toni,Klejna,tklejnanp@joomla.org,Genderqueer,5.161.119.63
855,Moshe,Clubley,mclubleynq@histats.com,Male,154.82.133.220
856,Porter,Myers,pmyersnr@whitehouse.gov,Male,53.116.212.214
857,Cash,Danielczyk,cdanielczykns@domainmarket.com,Male,74.117.161.164
858,Luther,Kielty,lkieltynt@columbia.edu,Male,182.57.0.186
859,Haily,Seckom,hseckomnu@webs.com,Male,145.143.233.131
860,Jacinda,Gredden,jgreddennv@gmpg.org,Female,173.119.32.174
861,Tabatha,Laing,tlaingnw@ocn.ne.jp,Female,3.113.123.1
862,Roxine,Rice,rricenx@bizjournals.com,Female,112.154.205.71
863,Neely,Koschke,nkoschkeny@feedburner.com,Female,180.89.78.101
864,Llywellyn,Pavlov,lpavlovnz@guardian.co.uk,Male,125.136.148.238
865,Valerye,McLernon,vmclernono0@ezinearticles.com,Female,136.118.74.231
866,Hansiain,Tomovic,htomovico1@xing.com,Male,144.230.138.59
867,Berkley,Pashenkov,bpashenkovo2@goo.ne.jp,Male,160.237.197.132
868,Paulette,Kinnach,pkinnacho3@jimdo.com,Female,223.63.131.221
869,Ainsley,Berge,abergeo4@seattletimes.com,Female,229.137.40.225
870,Mab,Quesne,mquesneo5@rakuten.co.jp,Female,235.42.191.29
871,Korie,Dunlap,kdunlapo6@oaic.gov.au,Female,221.241.25.115
872,Correna,McPake,cmcpakeo7@homestead.com,Polygender,190.146.192.109
873,Margarette,MacVagh,mmacvagho8@sakura.ne.jp,Female,230.89.92.4
874,Judy,Charlton,jcharltono9@pbs.org,Female,87.203.177.2
875,Oneida,Maple,omapleoa@ustream.tv,Female,250.245.140.14
876,Editha,Aughton,eaughtonob@hc360.com,Female,58.222.149.44
877,Dimitry,Fasey,dfaseyoc@gravatar.com,Male,238.249.109.249
878,Wilhelmina,Sreenan,wsreenanod@umn.edu,Female,129.220.52.122
879,Paulie,Mantripp,pmantrippoe@usgs.gov,Female,86.156.40.196
880,Rosie,Gudde,rguddeof@archive.org,Female,2.118.62.124
881,Marlow,Paolone,mpaoloneog@alexa.com,Male,19.234.167.2
882,Pepillo,Mars,pmarsoh@reuters.com,Male,50.103.147.68
883,Birdie,Raithbie,braithbieoi@foxnews.com,Female,191.230.121.141
884,Andee,Norssister,anorssisteroj@cocolog-nifty.com,Female,69.164.13.74
885,Allistir,Suttill,asuttillok@wix.com,Male,49.92.136.187
886,Agnella,Tunaclift,atunacliftol@businessweek.com,Genderqueer,182.82.97.149
887,Jeanelle,Stuchberry,jstuchberryom@ezinearticles.com,Female,18.86.41.54
888,Flynn,Leathers,fleatherson@e-recht24.de,Male,48.137.31.214
889,Christophe,Hockey,chockeyoo@paypal.com,Male,225.220.50.96
890,Isabeau,Puttergill,iputtergillop@dmoz.org,Female,189.54.211.52
891,Essie,Thomke,ethomkeoq@ifeng.com,Female,73.110.254.157
892,David,Corsor,dcorsoror@mapquest.com,Male,247.65.177.166
893,Shayne,Bengle,sbengleos@irs.gov,Female,80.210.209.88
894,Tully,Cavan,tcavanot@123-reg.co.uk,Male,35.95.211.201
895,Bobbe,Eastridge,beastridgeou@parallels.com,Female,21.220.79.198
896,Luis,Winkle,lwinkleov@infoseek.co.jp,Male,191.113.210.114
897,Steve,Suttill,ssuttillow@themeforest.net,Male,39.61.200.160
898,Sargent,Collett,scollettox@ft.com,Male,200.189.113.50
899,Kaspar,Loosely,klooselyoy@indiegogo.com,Male,33.89.136.4
900,Willdon,Crumpton,wcrumptonoz@flickr.com,Male,116.4.91.50
901,Gerome,Newland,gnewlandp0@creativecommons.org,Male,149.123.38.41
902,Lezlie,Gunnell,lgunnellp1@smh.com.au,Female,107.153.127.44
903,Maxi,Korneluk,mkornelukp2@bloomberg.com,Female,168.53.103.249
904,Belinda,Cancellieri,bcancellierip3@pcworld.com,Female,67.235.244.2
905,Gill,Squibb,gsquibbp4@studiopress.com,Male,175.35.90.165
906,Pebrook,Iscowitz,piscowitzp5@ask.com,Male,229.126.123.132
907,Marinna,Pietzke,mpietzkep6@alexa.com,Female,228.77.133.242
908,Nobe,McPeeters,nmcpeetersp7@mozilla.org,Male,20.162.17.44
909,Erhart,Grimsell,egrimsellp8@webs.com,Male,188.49.125.116
910,Mavis,Zute,mzutep9@instagram.com,Female,137.189.84.98
911,Faythe,Duker,fdukerpa@walmart.com,Female,143.109.148.64
912,Tarrance,Vereker,tverekerpb@geocities.com,Male,104.200.30.101
913,Lesli,Dooland,ldoolandpc@simplemachines.org,Agender,89.43.9.59
914,Zara,Gerling,zgerlingpd@ucsd.edu,Genderfluid,19.98.111.12
915,Maribeth,Winspurr,mwinspurrpe@chicagotribune.com,Female,43.17.123.15
916,Todd,Daddow,tdaddowpf@hubpages.com,Male,11.52.47.120
917,Hulda,Blondelle,hblondellepg@cbc.ca,Genderfluid,18.92.119.194
918,Damaris,Blumson,dblumsonph@acquirethisname.com,Female,134.208.222.28
919,Wallis,Otley,wotleypi@walmart.com,Male,132.107.132.21
920,Nikki,Hairon,nhaironpj@posterous.com,Male,27.2.72.39
921,Guthrie,Lacheze,glachezepk@behance.net,Male,170.151.56.112
922,Phylis,Hazard,phazardpl@wikipedia.org,Female,153.194.190.9
923,Conn,Haggleton,chaggletonpm@ucsd.edu,Male,222.209.174.217
924,Deni,Wheatland,dwheatlandpn@europa.eu,Female,146.115.166.2
925,Pearline,Henaughan,phenaughanpo@alibaba.com,Female,186.146.66.104
926,Clemente,Foulkes,cfoulkespp@ihg.com,Male,113.73.177.57
927,Fee,Bastin,fbastinpq@techcrunch.com,Male,55.167.21.98
928,Vinni,Martinetto,vmartinettopr@uol.com.br,Female,194.163.137.199
929,Mallissa,Lembrick,mlembrickps@archive.org,Female,200.235.167.54
930,Mignon,Duiguid,mduiguidpt@dell.com,Female,201.111.135.141
931,Odelle,Kilgallen,okilgallenpu@craigslist.org,Female,216.228.107.218
932,Ly,Ansley,lansleypv@flavors.me,Genderqueer,197.91.201.124
933,Janifer,Beastall,jbeastallpw@hostgator.com,Female,47.201.208.48
934,Alwin,Elders,aelderspx@bluehost.com,Male,251.142.62.246
935,Tessie,Errett,terrettpy@state.tx.us,Female,71.7.118.10
936,Lucien,Krebs,lkrebspz@ucla.edu,Male,7.116.248.63
937,Daryl,Cleave,dcleaveq0@slate.com,Male,233.207.103.38
938,Christa,Lindmark,clindmarkq1@rambler.ru,Female,32.20.87.9
939,Gard,De Angelo,gdeangeloq2@uiuc.edu,Genderqueer,216.253.145.165
940,Artie,Houldey,ahouldeyq3@goo.gl,Male,203.53.167.206
941,Alexandros,Brusin,abrusinq4@privacy.gov.au,Male,35.156.94.7
942,Nappie,Beaman,nbeamanq5@trellian.com,Male,50.237.131.187
943,Tan,MacAvddy,tmacavddyq6@time.com,Male,47.174.165.36
944,Jervis,Wasselin,jwasselinq7@addtoany.com,Male,178.254.17.201
945,Osmond,Malone,omaloneq8@umn.edu,Male,242.90.230.9
946,Nichols,Decroix,ndecroixq9@amazon.com,Polygender,71.24.74.101
947,Christoforo,Chotty,cchottyqa@bbb.org,Male,227.26.145.19
948,Dyanna,Collinge,dcollingeqb@about.com,Female,119.74.149.61
949,Culver,Muffett,cmuffettqc@clickbank.net,Male,61.236.239.255
950,Linc,Humbert,lhumbertqd@miibeian.gov.cn,Male,89.53.86.52
951,Gwenni,Middlemist,gmiddlemistqe@webmd.com,Female,65.135.200.234
952,Katy,Cicco,kciccoqf@adobe.com,Female,206.234.189.59
953,Sergeant,Baty,sbatyqg@yolasite.com,Male,90.237.23.49
954,Nicolis,Macilhench,nmacilhenchqh@hugedomains.com,Male,62.17.212.20
955,Eldon,Iorns,eiornsqi@twitter.com,Male,45.161.94.63
956,Ranice,Volleth,rvollethqj@storify.com,Female,202.120.1.243
957,Fredrika,Meegan,fmeeganqk@a8.net,Female,201.93.35.124
958,Tisha,Dalinder,tdalinderql@constantcontact.com,Female,181.233.19.165
959,Free,Whereat,fwhereatqm@hubpages.com,Male,122.232.83.136
960,Carmella,Dilon,cdilonqn@indiatimes.com,Female,118.72.66.202
961,Dav,Snyder,dsnyderqo@cornell.edu,Male,171.41.81.31
962,Sonnie,Vasilischev,svasilischevqp@macromedia.com,Female,212.149.60.119
963,Silvie,Pennicard,spennicardqq@nih.gov,Female,248.45.200.128
964,Gavin,Yeskov,gyeskovqr@jiathis.com,Male,39.19.76.154
965,Eldon,Wrassell,ewrassellqs@elegantthemes.com,Agender,86.145.83.209
966,Leona,Maass,lmaassqt@altervista.org,Female,73.165.174.235
967,Caz,Gerok,cgerokqu@friendfeed.com,Male,167.0.3.66
968,Sol,Gewer,sgewerqv@parallels.com,Male,8.58.122.15
969,Thayne,Billison,tbillisonqw@tuttocitta.it,Male,220.164.2.226
970,Johna,Haylands,jhaylandsqx@qq.com,Non-binary,213.89.88.140
971,Blinnie,Cersey,bcerseyqy@biglobe.ne.jp,Female,86.226.189.224
972,Raynard,Michael,rmichaelqz@hatena.ne.jp,Male,94.224.196.162
973,Sophia,Maron,smaronr0@friendfeed.com,Female,237.128.156.85
974,Mandel,Riddett,mriddettr1@stanford.edu,Male,87.245.207.229
975,Nico,Crean,ncreanr2@amazon.co.jp,Male,138.9.88.182
976,Nev,Cottage,ncottager3@mapquest.com,Male,68.53.40.163
977,Cassaundra,Brigg,cbriggr4@nih.gov,Female,56.4.33.213
978,Prudence,Laity,plaityr5@ebay.co.uk,Female,104.26.122.252
979,Kerstin,Ferraretto,kferrarettor6@goo.ne.jp,Female,105.120.20.20
980,Roderich,Devereu,rdevereur7@unblog.fr,Male,53.52.239.71
981,Caitrin,Voaden,cvoadenr8@businessweek.com,Female,215.79.229.245
982,Palmer,Portingale,pportingaler9@cisco.com,Male,108.114.144.130
983,Abigale,Tetford,atetfordra@globo.com,Female,98.174.161.149
984,Pooh,Furness,pfurnessrb@indiegogo.com,Male,156.184.204.115
985,Scarface,Beatens,sbeatensrc@slashdot.org,Male,120.87.172.215
986,Boyce,Cromley,bcromleyrd@list-manage.com,Male,130.244.84.213
987,Carlita,Epp,ceppre@cnet.com,Female,16.145.69.46
988,Porty,Seden,psedenrf@wired.com,Male,49.116.235.52
989,Shoshanna,Widdowson,swiddowsonrg@army.mil,Female,110.57.45.138
990,Ebeneser,Runcie,eruncierh@aol.com,Male,110.185.82.181
991,Constantia,Boustred,cboustredri@a8.net,Female,140.77.51.147
992,Ricca,Habbes,rhabbesrj@ask.com,Female,192.254.43.67
993,Rodrigo,Cornu,rcornurk@linkedin.com,Male,231.198.201.83
994,Nell,Corben,ncorbenrl@discuz.net,Female,73.139.177.44
995,Charity,Barnsdall,cbarnsdallrm@bloomberg.com,Female,201.24.250.52
996,Ari,Jacquest,ajacquestrn@ycombinator.com,Male,70.105.29.251
997,Hamlin,Lakenton,hlakentonro@who.int,Male,204.73.181.41
998,Jessalin,Vasic,jvasicrp@topsy.com,Female,141.15.121.248
999,Richardo,Kornacki,rkornackirq@webeden.co.uk,Male,45.182.203.216
1000,Constantia,Poupard,cpoupardrr@census.gov,Female,11.223.105.211
